{
  "project_info": {
    "project_number": "999402308032",
    "firebase_url": "https://today-a0e39.firebaseio.com",
    "project_id": "today-a0e39",
    "storage_bucket": "today-a0e39.appspot.com"
  },
  "client": [
    {
      "client_info": {
        "mobilesdk_app_id": "1:999402308032:android:36b62019cb431133",
        "android_client_info": {
          "package_name": "tech.alvarez.today"
        }
      },
      "oauth_client": [
        {
          "client_id": "999402308032-ki7gedgjg60ofb8cue27p9rfet26hu2i.apps.googleusercontent.com",
          "client_type": 3
        }
      ],
      "api_key": [
        {
          "current_key": "AIzaSyB_JrQ0xFZ_bJY4QrBa1h4iLsTcq1D22gk"
        }
      ],
      "services": {
        "analytics_service": {
          "status": 1
        },
        "appinvite_service": {
          "status": 2,
          "other_platform_oauth_client": [
            {
              "client_id": "999402308032-ki7gedgjg60ofb8cue27p9rfet26hu2i.apps.googleusercontent.com",
              "client_type": 3
            }
          ]
        },
        "ads_service": {
          "status": 2
        }
      }
    }
  ],
  "configuration_version": "1"
}